good_key,product_group,cn_code,goods_description
7601-unwrought-aluminium,Aluminium,7601,Unwrought aluminium
7603-aluminium-powders-and-flakes,Aluminium,7603,Aluminium powders and flakes
76041010-bars-and-rods,Aluminium,7604 10 10,Bars and rods
76041090-profiles,Aluminium,7604 10 90,Profiles
76042100-hollow-profiles,Aluminium,7604 21 00,Hollow profiles
76042910-bars-and-rods,Aluminium,7604 29 10,Bars and rods
76042990-profiles,Aluminium,7604 29 90,Profiles
7605-aluminium-wire,Aluminium,7605,Aluminium wire
7606-aluminium-plates-sheets-and-strip-of-a-t,Aluminium,7606,"Aluminium plates, sheets and strip, of a thickness exceeding 0,2 mm"
7607-aluminium-foil-whether-or-not-printed-or,Aluminium,7607,"Aluminium foil (whether or not printed or backed with paper, paperboard, plastics or similar backing materials) of a thickness (excluding any backing) not exceeding 0,2 mm"
7608-aluminium-tubes-and-pipes,Aluminium,7608,Aluminium tubes and pipes
76090000-aluminium-tube-or-pipe-fittings-for-exam,Aluminium,7609 00 00,"Aluminium tube or pipe fittings (for example, couplings, elbows, sleeves)"
76101000-doors-windows-and-their-frames-and-thres,Aluminium,7610 10 00,"Doors, windows and their frames and thresholds for doors"
761090-other,Aluminium,7610 90,Other
76109010-bridges-and-bridge-sections-towers-and-l,Aluminium,7610 90 10,"Bridges and bridge-sections, towers and lattice masts"
76109090-other,Aluminium,7610 90 90,Other
76110000-aluminium-reservoirs-tanks-vats-and-simi,Aluminium,7611 00 00,"Aluminium reservoirs, tanks, vats and similar containers, for any material (other than compressed or liquefied gas), of a capacity exceeding 300 litres, whether or not lined or heat-insulated, but not fitted with mechanical or thermal equipment"
7612-aluminium-casks-drums-cans-boxes-and-sim,Aluminium,7612,"Aluminium casks, drums, cans, boxes and similar containers (including rigid or collapsible tubular containers), for any material (other than compressed or liquefied gas), of a capacity not exceeding 300 litres, whether or not lined or heat-insulated, but not fitted with mechanical or thermal equipment"
76130000-aluminium-containers-for-compressed-or-l,Aluminium,7613 00 00,Aluminium containers for compressed or liquefied gas
7614-stranded-wire-cables-plaited-bands-and-t,Aluminium,7614,"Stranded wire, cables, plaited bands and the like, of aluminium, not electrically insulated"
76161000-nails-tacks-staples-other-than-those-of,Aluminium,7616 10 00,"Nails, tacks, staples (other than those of heading 8305), screws, bolts, nuts, screw hooks, rivets, cotters, cotter pins, washers and similar articles"
76169100-cloth-grill-netting-and-fencing-of-alumi,Aluminium,7616 91 00,"Cloth, grill, netting and fencing, of aluminium wire"
76169910-cast,Aluminium,7616 99 10,Cast
76169990-other,Aluminium,7616 99 90,Other
2507008080-calcined-clay,Cement,2507 00 80 80,Calcined clay
2523100010-white-clinker,Cement,2523 10 00 10,White clinker
2523100090-other-clinker-including-grey-clinker,Cement,2523 10 00 90,Other clinker including grey clinker
25232100-white-portland-cement,Cement,2523 21 00,White Portland cement
25232900-grey-portland-cement,Cement,2523 29 00,Grey Portland cement
25233000-aluminous-cement,Cement,2523 30 00,Aluminous cement
2523900010-white-hydraulic-cement,Cement,2523 90 00 10,White hydraulic cement
2523900090-other-hydraulic-cements-including-grey-h,Cement,2523 90 00 90,Other hydraulic cements including grey hydraulic cements
28080000-nitric-acid-sulphonitric-acids,Fertilisers,2808 00 00,Nitric acid; sulphonitric acids
28141000-anhydrous-ammonia,Fertilisers,2814 10 00,Anhydrous ammonia
28142000-ammonia-in-aqueous-solution,Fertilisers,2814 20 00,Ammonia in aqueous solution
28342100-nitrate-of-potassium,Fertilisers,2834 21 00,Nitrate of potassium
3102-mineral-or-chemical-fertilizers-nitrogen,Fertilisers,3102,"Mineral or chemical fertilizers, nitrogenous"
31021012-urea-in-aqueous-solution-containing-45-n,Fertilisers,3102 10 12,"Urea in aqueous solution, containing >45% nitrogen in relation to the weight of the dry product and containing =>31,8% but <=33,2 % by weight of urea (excl. that in packages with a gross weight of <= 10 kg)"
31021015-urea-in-aqueous-solution-containing-45-n,Fertilisers,3102 10 15,"Urea in aqueous solution, containing >45% nitrogen in relation to the weight of the dry product and containing >33,2% but <=55% by weight of urea (excl. that in packages with a gross weight of <= 10 kg)"
31021019-urea-whether-or-not-in-aqueous-solution,Fertilisers,3102 10 19,"Urea, whether or not in aqueous solution, containing >45% nitrogen in relation to the weight of the dry product (excl. that in tablets or similar forms, or in packages with a gross weight of <= 10 kg, or in aqueous solution containing =>31,8% but <=55% by weight of urea)"
31021090-urea-whether-or-not-in-aqueous-solution,Fertilisers,3102 10 90,"Urea, whether or not in aqueous solution, containing <= 45% by weight of nitrogen on the dry anhydrous product (excl. goods of this chapter in tablets or similar forms or in packages of a gross weight of <= 10 kg)"
31022100-ammonium-sulphate-excl-that-in-tablets-o,Fertilisers,3102 21 00,"Ammonium sulphate (excl. that in tablets or similar forms, or in packages with a gross weight of <= 10 kg)"
31022900-double-salts-and-mixtures-of-ammonium-su,Fertilisers,3102 29 00,Double salts and mixtures of ammonium sulphate and ammonium nitrate
31023010-ammonium-nitrate-in-aqueous-solution-exc,Fertilisers,3102 30 10,Ammonium nitrate in aqueous solution (excl. that in packages with a gross weight of <= 10 kg)
31023090-ammonium-nitrate-excl-that-in-aqueous-so,Fertilisers,3102 30 90,"Ammonium nitrate (excl. that in aqueous solution, in tablets or similar forms, or in packages with a gross weight of <= 10 kg)"
31024010-mixtures-of-ammonium-nitrate-with-calciu,Fertilisers,3102 40 10,"Mixtures of ammonium nitrate with calcium carbonate or other inorganic non-fertilising substances, for use as fertilisers, containing <= 28% nitrogen by weight (excl. those in tablets or similar forms, or in packages with a gross weight of <= 10 kg)"
31024090-mixtures-of-ammonium-nitrate-with-calciu,Fertilisers,3102 40 90,"Mixtures of ammonium nitrate with calcium carbonate or other inorganic non-fertilising substances, for use as fertilisers, containing > 28% nitrogen by weight (excl. those in tablets or similar forms, or in packages with a gross weight of <= 10 kg)"
31025000-sodium-nitrate-excl-that-in-tablets-or-s,Fertilisers,3102 50 00,"Sodium nitrate (excl. that in tablets or similar forms, or in packages with a gross weight of <= 10 kg)"
31026000-double-salts-and-mixtures-of-calcium-nit,Fertilisers,3102 60 00,"Double salts and mixtures of calcium nitrate and ammonium nitrate (excl. those in tablets or similar forms, or in packages with a gross weight of <= 10 kg)"
31028000-mixtures-of-urea-and-ammonium-nitrate-in,Fertilisers,3102 80 00,Mixtures of urea and ammonium nitrate in aqueous or ammoniacal solution (excl. those in packages with a gross weight of <= 10 kg)
31029000-mineral-or-chemical-nitrogen-fertilisers,Fertilisers,3102 90 00,Mineral or chemical nitrogen fertilisers (excl. urea; ammonium sulphate; ammonium nitrate; sodium nitrate; double salts and mixtures of ammonium nitrate with ammonium sulphate or calcium; mixtures of urea and ammonium nitrate in aqueous or ammoniacal solution; mixtures of ammonium nitrate and calcium carbonate or other non-fertilising inorganic elements; in tablets or similar in packages <= 10 kg)
3105-mineral-or-chemical-fertilisers-containi,Fertilisers,3105,"Mineral or chemical fertilisers containing two or three of the fertilising elements nitrogen, phosphorus and potassium"
31051000-mineral-or-chemical-fertilisers-of-anima,Fertilisers,3105 10 00,"Mineral or chemical fertilisers of animal or vegetable origin, in tablets or similar forms, or in packages with a gross weight of <= 10 kg"
31052010-mineral-or-chemical-fertilisers-containi,Fertilisers,3105 20 10,"Mineral or chemical fertilisers containing phosphorus and potassium, with a nitrogen content > 10 % by weight on the dry anhydrous product (excl. those in tablets or similar forms, or in packages with a gross weight of <= 10 kg)"
31052090-mineral-or-chemical-fertilisers-containi,Fertilisers,3105 20 90,"Mineral or chemical fertilisers containing nitrogen, phosphorus and potassium, with a nitrogen content <= 10 % by weight on the dry anhydrous product (excl. those in tablets or similar forms, or in packages with a gross weight of <= 10 kg)"
31053000-diammonium-hydrogenorthophosphate-diammo,Fertilisers,3105 30 00,"Diammonium hydrogenorthophosphate ""diammonium phosphate"" (excl. that in tablets or similar forms, or in packages with a gross weight of <= 10 kg)"
31054000-ammonium-dihydrogenorthophosphate-monoam,Fertilisers,3105 40 00,"Ammonium dihydrogenorthophosphate ""monoammonium phosphate"", whether or not mixed with diammonium hydrogenorthophosphate ""diammonium phosphate"" (excl. that in tablets or similar forms, or in packages with a gross weight of <= 10 kg)"
31055100-other-mineral-or-chemical-fertilisers-co,Fertilisers,3105 51 00,Other mineral or chemical fertilisers containing the two fertilising elements nitrogen and phosphorus (nitrates and phosphates)
31055900-other-mineral-or-chemical-fertilisers-co,Fertilisers,3105 59 00,Other mineral or chemical fertilisers containing the two fertilising elements nitrogen and phosphorus (excl. nitrates and phosphates)
31059020-mineral-or-chemical-fertilisers-containi,Fertilisers,3105 90 20,"Mineral or chemical fertilisers containing the two fertilising elements nitrogen and potassium, or one principal fertilising substance only, incl. mixtures of animal or vegetable fertilisers with chemical or mineral fertilisers, containing > 10% nitrogen by weight (excl. in tablets or similar forms, or in packages with a gross weight of <= 10 kg)"
31059080-mineral-or-chemical-fertilisers-containi,Fertilisers,3105 90 80,"Mineral or chemical fertilisers containing the two fertilising elements nitrogen and potassium, or one main fertilising element, incl. mixtures of animal or vegetable fertilisers with chemical or mineral fertilisers, not containing nitrogen or with a nitrogen content, by weight, of <= 10% (excl. in tablets or similar forms or in packages of a gross weight of <= 10 kg)"
28041000-hydrogen,Hydrogen,2804 10 00,Hydrogen
26011200-agglomerated-iron-ores-and-concentrates,Iron and steel,2601 12 00,Agglomerated iron ores and concentrates (excl. roasted iron pyrites)
7201-pig-iron-and-spiegeleisen-in-pigs-blocks,Iron and steel,7201,"Pig iron and spiegeleisen, in pigs, blocks or other primary forms"
720211-ferro-manganese-containing-by-weight-2-o,Iron and steel,7202 11,"Ferro-manganese, containing by weight > 2% of carbon"
720219-ferro-manganese-containing-by-weight-2-c,Iron and steel,7202 19,"Ferro-manganese, containing by weight <= 2% carbon"
720241-ferro-chromium-containing-by-weight-4-of,Iron and steel,7202 41,"Ferro-chromium, containing by weight > 4% of carbon"
720249-ferro-chromium-containing-by-weight-4-of,Iron and steel,7202 49,"Ferro-chromium, containing by weight <= 4% of carbon"
72026000-ferro-nickel,Iron and steel,7202 60 00,Ferro-nickel
7203-ferrous-products-obtained-by-direct-redu,Iron and steel,7203,"Ferrous products obtained by direct reduction of iron ore and other spongy ferrous products, in lumps, pellets or similar forms; iron having a minimum purity by weight of 99,94%, in lumps, pellets or similar forms"
7205-granules-and-powders-of-pig-iron-spiegel,Iron and steel,7205,"Granules and powders of pig iron, spiegeleisen, iron or steel (excl. granules and powders of ferro-alloys, turnings and filings of iron or steel, radioactive iron powders ""isotopes"" and certain low-calibre, substandard balls for ballbearings)"
7206-iron-and-non-alloy-steel-in-ingots-or-ot,Iron and steel,7206,"Iron and non-alloy steel in ingots or other primary forms (excl. remelting scrap ingots, products obtained by continuous casting and iron of heading 7203)"
72061000-ingots-of-iron-and-non-alloy-steel-excl,Iron and steel,7206 10 00,"Ingots, of iron and non-alloy steel (excl. remelted scrap ingots, continuous cast products, iron of heading 7203)"
72069000-iron-and-non-alloy-steel-in-puddled-bars,Iron and steel,7206 90 00,"Iron and non-alloy steel, in puddled bars or other primary forms (excl. ingots, remelted scrap ingots, continuous cast products, iron of heading 7203)"
7207-semi-finished-products-of-iron-or-non-al,Iron and steel,7207,Semi-finished products of iron or non-alloy steel
72071111-semi-finished-products-of-non-alloy-free,Iron and steel,7207 11 11,"Semi-finished products, of non-alloy free-cutting steel, containing by weight < 0,25% carbon, of square or rectangular cross-section, the width < twice the thickness, rolled or obtained by continuous casting"
72071114-semi-finished-products-of-iron-or-non-al,Iron and steel,7207 11 14,"Semi-finished products, of iron or non-alloy steel, containing by weight < 0,25% carbon, of square or rectangular cross-section, the width < twice the thickness of <= 130 mm, rolled or obtained by continuous casting (excl. free-cutting steel)"
72071116-semi-finished-products-of-iron-or-non-al,Iron and steel,7207 11 16,"Semi-finished products, of iron or non-alloy steel, containing by weight < 0,25% carbon, of square or rectangular cross-section, the width < twice the thickness of > 130 mm, rolled or obtained by continuous casting (excl. free-cutting steel)"
72071190-semi-finished-products-of-iron-or-non-al,Iron and steel,7207 11 90,"Semi-finished products of iron or non-alloy steel, containing by weight < 0,25% carbon, of rectangular cross-section, the width < twice the thickness, forged"
72071210-semi-finished-products-of-iron-or-non-al,Iron and steel,7207 12 10,"Semi-finished products of iron or non-alloy steel, containing by weight < 0,25 of carbon, of rectangular ""other than square"" cross-section, the width measuring >= twice the thickness, rolled or obtained by continuous casting"
72071290-semi-finished-products-of-iron-or-non-al,Iron and steel,7207 12 90,"Semi-finished products of iron or non-alloy steel, containing by weight < 0,25% carbon, of rectangular ""other than square"" cross-section, the width >= twice the thickness, forged"
72071912-semi-finished-products-of-iron-or-non-al,Iron and steel,7207 19 12,"Semi-finished products, of iron or non-alloy steel, containing by weight < 0,25% carbon, of circular or polygonal cross-section, rolled or obtained by continuous casting"
72071919-semi-finished-products-of-iron-or-non-al,Iron and steel,7207 19 19,"Semi-finished products of iron or non-alloy steel, containing by weight < 0,25% carbon, of circular or polygonal cross-section, forged"
72071980-semi-finished-products-of-iron-or-non-al,Iron and steel,7207 19 80,"Semi-finished products of iron or non-alloy steel, containing by weight < 0,25% carbon (excl. semi-products, of square, rectangular, circular or polygonal cross-section)"
72072011-semi-finished-products-of-non-alloy-free,Iron and steel,7207 20 11,"Semi-finished products, of non-alloy free-cutting steel, containing by weight >= 0,25% carbon, of square or rectangular cross-section, the width < twice the thickness, rolled or obtained by continuous casting"
72072015-semi-finished-products-of-iron-or-non-al,Iron and steel,7207 20 15,"Semi-finished products of iron or non-alloy steel, containing by weight >= 0,25% but < 0,6% carbon, of square or rectangular cross-section, the width < twice the thickness, rolled or obtained by continuous casting (excl. free-cutting steel)"
72072017-semi-finished-products-of-iron-or-non-al,Iron and steel,7207 20 17,"Semi-finished products of iron or non-alloy steel, containing by weight >= 0,6% carbon, of square or rectangular cross-section, the width < twice the thickness, rolled or obtained by continuous casting (excl. free-cutting steel)"
72072019-semi-finished-products-of-iron-or-non-al,Iron and steel,7207 20 19,"Semi-finished products of iron or non-alloy steel, containing by weight >= 0,25% carbon, of square or rectangular cross-section, the width < twice the thickness, forged"
72072032-semi-finished-products-of-iron-or-non-al,Iron and steel,7207 20 32,"Semi-finished products of iron or non-alloy steel, containing by weight >= 0,25 of carbon, of rectangular ""other than square"" cross-section, the width measuring >= twice the thickness, rolled or obtained by continuous casting"
72072039-semi-finished-products-of-iron-or-non-al,Iron and steel,7207 20 39,"Semi-finished products of iron or non-alloy steel, containing by weight >= 0,25% carbon, of rectangular ""other than square"" cross-section and the width >= twice the thickness, forged"
72072052-semi-finished-products-of-iron-or-non-al,Iron and steel,7207 20 52,"Semi-finished products of iron or non-alloy steel, containing by weight >= 0,25% carbon, of circular or polygonal cross-section, rolled or obtained by continuous casting"
72072059-semi-finished-products-of-iron-or-non-al,Iron and steel,7207 20 59,"Semi-finished products of iron or non-alloy steel, containing by weight >= 0,6% carbon, of circular or polygonal cross-section, forged"
72072080-semi-finished-products-of-iron-or-non-al,Iron and steel,7207 20 80,"Semi-finished products of iron or non-alloy steel, containing by weight >= 0,25% carbon (excl. those of square, rectangular, circular or polygonal cross-section)"
7208-flat-rolled-products-of-iron-or-non-allo,Iron and steel,7208,"Flat-rolled products of iron or non-alloy steel, of a width >= 600 mm, hot-rolled, not clad, plated or coated"
7209-flat-rolled-products-of-iron-or-non-allo,Iron and steel,7209,"Flat-rolled products of iron or non-alloy steel, of a width of >= 600 mm, cold-rolled ""cold-reduced"", not clad, plated or coated"
7210-flat-rolled-products-of-iron-or-non-allo,Iron and steel,7210,"Flat-rolled products of iron or non-alloy steel, of a width >= 600 mm, hot-rolled or cold-rolled ""cold-reduced"", clad, plated or coated"
7211-flat-rolled-products-of-iron-or-non-allo,Iron and steel,7211,"Flat-rolled products of iron or non-alloy steel, of a width of < 600 mm, hot-rolled or cold-rolled ""cold-reduced"", not clad, plated or coated"
72111300-flat-rolled-products-of-iron-or-non-allo,Iron and steel,7211 13 00,"Flat-rolled products of iron or non-alloy steel, simply hot-rolled on four faces or in a closed box pass, not clad, plated or coated, of a width of > 150 mm but < 600 mm and a thickness of >= 4 mm, not in coils, without patterns in relief, commonly known as ""wide flats"""
72111400-flat-rolled-products-of-iron-or-non-allo,Iron and steel,7211 14 00,"Flat-rolled products of iron or non-alloy steel, of a width < 600 mm, not further worked than hot-rolled, not clad, plated or coated, of a thickness of >= 4,75 mm (excl. ""wide flats"")"
72111900-flat-rolled-products-of-iron-or-non-allo,Iron and steel,7211 19 00,"Flat-rolled products of iron or non-alloy steel, of a width < 600 mm, simply hot-rolled, not clad, plated or coated, of a thickness < 4,75 mm (excl. ""wide flats"")"
721123-flat-rolled-products-of-iron-or-non-allo,Iron and steel,7211 23,"Flat-rolled products of iron or non-alloy steel, of a width of < 600 mm, simply cold-rolled ""cold-reduced"", not clad, plated or coated, containing by weight < 0,25% of carbon"
72112900-flat-rolled-products-of-iron-or-non-allo,Iron and steel,7211 29 00,"Flat-rolled products of iron or non-alloy steel, of a width of < 600 mm, simply cold-rolled ""cold-reduced"", not clad, plated or coated, containing by weight >= 0,25% of carbon"
721190-flat-rolled-products-of-iron-or-non-allo,Iron and steel,7211 90,"Flat-rolled products of iron or non-alloy steel, of a width of < 600 mm, hot-rolled or cold-rolled ""cold-reduced"" and further worked, but not clad, plated or coated"
7212-flat-rolled-products-of-iron-or-non-allo,Iron and steel,7212,"Flat-rolled products of iron or non-alloy steel, of a width of < 600 mm, hot-rolled or cold-rolled ""cold-reduced"", clad, plated or coated"
7213-bars-and-rods-of-iron-or-non-alloy-steel,Iron and steel,7213,"Bars and rods of iron or non-alloy steel, hot-rolled, in irregularly wound coils"
7214-bars-and-rods-of-iron-or-non-alloy-steel,Iron and steel,7214,"Bars and rods, of iron or non-alloy steel, not further worked than forged, hot-rolled, hot-drawn or hot-extruded, but incl. those twisted after rolling (excl. in irregularly wound coils)"
72141000-bars-and-rods-of-iron-or-non-alloy-steel,Iron and steel,7214 10 00,"Bars and rods, of iron or non-alloy steel, not further worked than forged (excl. in irregularly wound coils)"
72142000-bars-and-rods-of-iron-or-non-alloy-steel,Iron and steel,7214 20 00,"Bars and rods, of iron or non-alloy steel, with indentations, ribs, groves or other deformations produced during the rolling process"
72143000-bars-and-rods-of-non-alloy-free-cutting,Iron and steel,7214 30 00,"Bars and rods, of non-alloy free-cutting steel, not further worked than hot-rolled, hot-drawn or hot-extruded (excl. containing indentations, ribs, grooves or other deformations produced during the rolling process or twisted after rolling)"
721491-bars-and-rods-of-iron-or-non-alloy-steel,Iron and steel,7214 91,"Bars and rods, of iron or non-alloy steel, not further worked than hot-rolled, hot-drawn or hot-extruded, of rectangular ""other than square"" cross-section (excl. containing indentations, ribs, grooves or other deformations produced during the rolling process, bars and rods twisted after rolling and free-cutting steel)"
721499-bars-and-rods-of-iron-or-non-alloy-steel,Iron and steel,7214 99,"Bars and rods, of iron or non-alloy steel, only hot-rolled, only hot-drawn or only hot-extruded (excl. of rectangular [other than square] cross-section and those containing indentations, ribs, grooves or other deformations produced during the rolling process, and of non-alloy free-cutting steel)"
7215-bars-and-rods-of-iron-or-non-alloy-steel,Iron and steel,7215,"Bars and rods, of iron or non-alloy steel, cold-formed or cold-finished, whether or not further worked, or hot-formed and further worked, n.e.s."
7216-angles-shapes-and-sections-of-iron-or-no,Iron and steel,7216,"Angles, shapes and sections of iron or non-alloy steel, n.e.s."
7217-wire-of-iron-or-non-alloy-steel-in-coils,Iron and steel,7217,"Wire of iron or non-alloy steel, in coils (excl. bars and rods)"
721710-wire-of-iron-or-non-alloy-steel-in-coils,Iron and steel,7217 10,"Wire of iron or non-alloy steel, in coils, not plated or coated, whether or not polished (excl. bars and rods)"
721720-wire-of-iron-or-non-alloy-steel-in-coils,Iron and steel,7217 20,"Wire of iron or non-alloy steel, in coils, plated or coated with zinc (excl. bars and rods)"
721730-wire-of-iron-or-non-alloy-steel-in-coils,Iron and steel,7217 30,"Wire of iron or non-alloy steel, in coils, plated or coated with base metals (excl. plated or coated with zinc, and bars and rods)"
721790-wire-of-iron-or-non-alloy-steel-in-coils,Iron and steel,7217 90,"Wire of iron or non-alloy steel, in coils, plated or coated (excl. plated or coated with base metals, and bars and rods)"
7218-stainless-steel-in-ingots-or-other-prima,Iron and steel,7218,Stainless steel in ingots or other primary forms (excl. remelting scrap ingots and products obtained by continuous casting); semi-finished products of stainless steel
72181000-steel-stainless-in-ingots-and-other-prim,Iron and steel,7218 10 00,"Steel, stainless, in ingots and other primary forms (excl. waste and scrap in ingot form, and products obtained by continuous casting)"
721891-semi-finished-products-of-stainless-stee,Iron and steel,7218 91,"Semi-finished products of stainless steel, of rectangular ""other than square"" cross-section"
72189911-semi-finished-products-of-stainless-stee,Iron and steel,7218 99 11,"Semi-finished products of stainless steel, of square cross-section, rolled or obtained by continuous casting"
72189919-semi-finished-products-of-stainless-stee,Iron and steel,7218 99 19,"Semi-finished products of stainless steel, of square cross-section, forged"
72189920-semi-finished-products-of-stainless-stee,Iron and steel,7218 99 20,"Semi-finished products of stainless steel, of circular cross-section or of cross-section other than square or rectangular, rolled or obtained by continuous casting"
72189980-semi-finished-products-of-stainless-stee,Iron and steel,7218 99 80,"Semi-finished products of stainless steel, forged (excl. products of square or rectangular cross-section)"
7219-flat-rolled-products-of-stainless-steel,Iron and steel,7219,"Flat-rolled products of stainless steel, of a width of >= 600 mm, hot-rolled or cold-rolled ""cold-reduced"""
72191100-flat-rolled-products-of-stainless-steel,Iron and steel,7219 11 00,"Flat-rolled products of stainless steel, of a width of >= 600 mm, not further worked than hot-rolled, in coils, of a thickness of > 10 mm"
721912-flat-rolled-products-of-stainless-steel,Iron and steel,7219 12,"Flat-rolled products of stainless steel, of a width of>= 600 mm, not further worked than hot-rolled, in coils, of a thickness of >= 4,7 mm and <= 10 mm"
721913-flat-rolled-products-of-stainless-steel,Iron and steel,7219 13,"Flat-rolled products of stainless steel, of a width of >= 600 mm, not further worked than hot-rolled, in coils, of a thickness of >= 3 mm and < 4,75 mm"
721914-flat-rolled-products-of-stainless-steel,Iron and steel,7219 14,"Flat-rolled products of stainless steel, of a width of >= 600 mm, not further worked than hot-rolled, in coils, of a thickness of < 3 mm"
721921-flat-rolled-products-of-stainless-steel,Iron and steel,7219 21,"Flat-rolled products of stainless steel, of a width of >= 600 mm, not further worked than hot-rolled, not in coils, of a thickness of > 10 mm"
721922-flat-rolled-products-of-stainless-steel,Iron and steel,7219 22,"Flat-rolled products of stainless steel, of a width of >= 600 mm, not further worked than hot-rolled, not in coils, of a thickness of >= 4,75 mm and <= 10 mm"
72192300-flat-rolled-products-of-stainless-steel,Iron and steel,7219 23 00,"Flat-rolled products of stainless steel, of a width of >= 600 mm, not further worked than hot-rolled, not in coils, of a thickness of >= 3 mm and < 4,75 mm"
72192400-flat-rolled-products-of-stainless-steel,Iron and steel,7219 24 00,"Flat-rolled products of stainless steel, of a width of >= 600 mm, not further worked than hot-rolled, not in coils, of a thickness of < 3 mm"
72193100-flat-rolled-products-of-stainless-steel,Iron and steel,7219 31 00,"Flat-rolled products of stainless steel, of a width of >= 600 mm, not further worked than cold-rolled ""cold-reduced"", of a thickness of >= 4,75 mm"
721932-flat-rolled-products-of-stainless-steel,Iron and steel,7219 32,"Flat-rolled products of stainless steel, of a width of >= 600 mm, not further worked than cold-rolled ""cold-reduced"", of a thickness of >= 3 mm but < 4,75 mm"
721933-flat-rolled-products-of-stainless-steel,Iron and steel,7219 33,"Flat-rolled products of stainless steel, of a width of >= 600 mm, not further worked than cold-rolled ""cold-reduced"", of a thickness of > 1 mm but < 3 mm"
721934-flat-rolled-products-of-stainless-steel,Iron and steel,7219 34,"Flat-rolled products of stainless steel, of a width of >= 600 mm, not further worked than cold-rolled ""cold-reduced"", of a thickness of >= 0,5 mm but <= 1 mm"
721935-flat-rolled-products-of-stainless-steel,Iron and steel,7219 35,"Flat-rolled products of stainless steel, of a width of >= 600 mm, not further worked than cold-rolled ""cold-reduced"", of a thickness of < 0,5 mm"
721990-flat-rolled-products-of-stainless-steel,Iron and steel,7219 90,"Flat-rolled products of stainless steel, of a width of >= 600 mm, hot-rolled or cold-rolled ""cold-reduced"" and further worked"
7220-flat-rolled-products-of-stainless-steel,Iron and steel,7220,"Flat-rolled products of stainless steel, of a width of < 600 mm, hot-rolled or cold-rolled ""cold-reduced"""
72201100-flat-rolled-products-of-stainless-steel,Iron and steel,7220 11 00,"Flat-rolled products of stainless steel, of a width of < 600 mm, not further worked than hot-rolled, of a thickness of >= 4,75 mm"
72201200-flat-rolled-products-of-stainless-steel,Iron and steel,7220 12 00,"Flat-rolled products of stainless steel, of a width of < 600 mm, not further worked than hot-rolled, of a thickness of < 4,75 mm"
722020-flat-rolled-products-of-stainless-steel,Iron and steel,7220 20,"Flat-rolled products of stainless steel, of a width of < 600 mm, not further worked than cold-rolled ""cold-reduced"""
722090-flat-rolled-products-of-stainless-steel,Iron and steel,7220 90,"Flat-rolled products of stainless steel, of a width of < 600 mm, hot-rolled or cold-rolled ""cold-reduced"" and further worked"
7221-bars-and-rods-of-stainless-steel-hot-rol,Iron and steel,7221,"Bars and rods of stainless steel, hot-rolled, in irregularly wound coils"
7222-other-bars-and-rods-of-stainless-steel-a,Iron and steel,7222,"Other bars and rods of stainless steel; angles, shapes and sections of stainless steel, n.e.s."
722211-bars-and-rods-of-stainless-steel-only-ho,Iron and steel,7222 11,"Bars and rods of stainless steel, only hot-rolled, only hot-drawn or only hot-extruded, of circular cross-section"
722219-bars-and-rods-of-stainless-steel-only-ho,Iron and steel,7222 19,"Bars and rods of stainless steel, only hot-rolled, only hot-drawn or only extruded (excl. of circular cross-section)"
722220-other-bars-and-rods-of-stainless-steel-n,Iron and steel,7222 20,"Other bars and rods of stainless steel, not further worked than cold-formed or cold-finished"
722230-other-bars-and-rods-of-stainless-steel-c,Iron and steel,7222 30,"Other bars and rods of stainless steel, cold-formed or cold-finished and further worked, or not further worked than forged, or forged, or hot-formed by other means and further worked, n.e.s."
722240-angles-shapes-and-sections-of-stainless,Iron and steel,7222 40,"Angles, shapes and sections of stainless steel, n.e.s."
7223-wire-of-stainless-steel-in-coils-excl-ba,Iron and steel,7223,"Wire of stainless steel, in coils (excl. bars and rods)"
722300-wire-of-stainless-steel-in-coils-excl-ba,Iron and steel,7223 00,"Wire of stainless steel, in coils (excl. bars and rods)"
7224-steel-alloy-other-than-stainless-in-ingo,Iron and steel,7224,"Steel, alloy, other than stainless, in ingots or other primary forms, semi-finished products of alloy steel other than stainless (excl. waste and scrap in ingot form, and products obtained by continuous casting)"
722410-steel-alloy-other-than-stainless-in-ingo,Iron and steel,7224 10,"Steel, alloy, other than stainless, in ingots or other primary forms (excl. waste and scrap in ingot form, and products obtained by continuous casting)"
72249002-semi-finished-products-of-tool-steel,Iron and steel,7224 90 02,Semi-finished products of tool steel
72249003-semi-finished-products-of-high-speed-ste,Iron and steel,7224 90 03,"Semi-finished products of high-speed steel, of square or rectangular cross-section, hot-rolled or obtained by continuous casting the width measuring < twice the thickness"
72249005-semi-finished-products-of-steel-containi,Iron and steel,7224 90 05,"Semi-finished products of steel containing by weight <= 0,7% of carbon, 0,5% to 1,2% of manganese, 0,6% to 2,3% of silicon, or of steel containing by weight >= 0,0008% of boron with any other element < the minimum content referred to in Note 1 f to chapter 72, of square or rectangular cross-section, hot rolled or obtained by continuous casting, the width measuring < twice the thickness"
72249007-semi-finished-products-of-alloy-steel-ot,Iron and steel,7224 90 07,"Semi-finished products of alloy steel other than stainless steel, of square or rectangular cross-section, hot-rolled or obtained by continuous casting, the width measuring < twice the thickness (excl. of tool steel, high-speed steel and articles of subheading 7224.90.05)"
72249014-semi-finished-products-of-alloy-steel-ot,Iron and steel,7224 90 14,"Semi-finished products of alloy steel other than stainless steel, of square or rectangular cross-section, hot-rolled or obtained by continuous casting, the width measuring >= twice the thickness (excl. of tool steel)"
72249018-semi-finished-products-of-alloy-steel-ot,Iron and steel,7224 90 18,"Semi-finished products of alloy steel other than stainless steel, of square or rectangular cross-section, forged (excl. of tool steel)"
72249031-semi-finished-products-of-steel-containi,Iron and steel,7224 90 31,"Semi-finished products of steel containing by weight 0,9% to 1,15% carbon, 0,5% to 2% of chromium and, if present, <= 0,5% of molybdenum, cut into shapes other than square or rectangular, hot-rolled or obtained by continuous casting"
72249038-semi-finished-products-of-alloy-steel-ot,Iron and steel,7224 90 38,"Semi-finished products of alloy steel, other than stainless steel, cut into shapes other than square or rectangular, hot-rolled or obtained by continuous casting (excl. of tool steel and products containing by weight 0,9% to 1,15% of carbon, 0,5% to 2% of chromium and, if present, <= 0,5% of molybdenum)"
72249090-semi-finished-products-of-alloy-steel-ot,Iron and steel,7224 90 90,"Semi-finished products of alloy steel, other than stainless steel, forged (excl. of tool steel and products of square or rectangular, circular or polygamol cross-section)"
7225-flat-rolled-products-of-alloy-steel-othe,Iron and steel,7225,"Flat-rolled products of alloy steel other than stainless, of a width of >= 600 mm, hot-rolled or cold-rolled ""cold-reduced"""
72251100-flat-rolled-products-of-silicon-electric,Iron and steel,7225 11 00,"Flat-rolled products of silicon-electrical steel, of a width of >= 600 mm, grain-oriented"
72251910-flat-rolled-products-of-silicon-electric,Iron and steel,7225 19 10,"Flat-rolled products of silicon-electrical steel, of a width of >= 600 mm, hot-rolled"
72251990-flat-rolled-products-of-silicon-electric,Iron and steel,7225 19 90,"Flat-rolled products of silicon-electrical steel, of a width of >= 600 mm, cold-rolled ""cold-reduced"", non-grain-oriented"
722530-flat-rolled-products-of-alloy-steel-othe,Iron and steel,7225 30,"Flat-rolled products of alloy steel other than stainless, of a width of >= 600 mm, not further worked than hot-rolled, in coils (excl. products of silicon-electrical steel)"
722540-flat-rolled-products-of-alloy-steel-othe,Iron and steel,7225 40,"Flat-rolled products of alloy steel other than stainless, of a width of >= 600 mm, not further worked than hot-rolled, not in coils (excl. products of silicon-electrical steel)"
722550-flat-rolled-products-of-alloy-steel-othe,Iron and steel,7225 50,"Flat-rolled products of alloy steel other than stainless, of a width of >= 600 mm, not further worked than cold-rolled ""cold-reduced"" (excl. products of silicon-electrical steel)"
72259100-flat-rolled-products-of-alloy-steel-othe,Iron and steel,7225 91 00,"Flat-rolled products of alloy steel other than stainless, of a width of >= 600 mm, hot-rolled or cold-rolled ""cold-reduced"" and electrolytically plated or coated with zinc (excl. products of silicon-electrical steel)"
72259200-flat-rolled-products-of-alloy-steel-othe,Iron and steel,7225 92 00,"Flat-rolled products of alloy steel other than stainless, of a width of >= 600 mm, hot-rolled or cold-rolled ""cold-reduced"" and plated or coated with zinc (excl. electrolytically plated or coated and products of silicon-electrical steel)"
72259900-flat-rolled-products-of-alloy-steel-othe,Iron and steel,7225 99 00,"Flat-rolled products of alloy steel other than stainless, of a width of >= 600 mm, hot-rolled or cold-rolled ""cold-reduced"" and further worked (excl. plated or coated with zinc and products of silicon-electrical steel)"
7226-flat-rolled-products-of-alloy-steel-othe,Iron and steel,7226,"Flat-rolled products of alloy steel other than stainless, of a width of < 600 mm, hot-rolled or cold-rolled ""cold-reduced"""
72261100-flat-rolled-products-of-silicon-electric,Iron and steel,7226 11 00,"Flat-rolled products of silicon-electrical steel, of a width of < 600 mm, hot-rolled or cold-rolled ""cold-reduced"", grain-oriented"
72261910-flat-rolled-products-of-silicon-electric,Iron and steel,7226 19 10,"Flat-rolled products of silicon-electrical steel, of a width of < 600 mm, not further worked than hot-rolled"
72261980-flat-rolled-products-of-silicon-electric,Iron and steel,7226 19 80,"Flat-rolled products of silicon-electrical steel, of a width of < 600 mm, cold-rolled ""cold-reduced"", whether or not further worked, or hot-rolled and further worked, non-grain-oriented"
72262000-flat-rolled-products-of-high-speed-steel,Iron and steel,7226 20 00,"Flat-rolled products of high-speed steel, of a width of <= 600 mm, hot-rolled or cold-rolled ""cold-reduced"""
722691-flat-rolled-products-of-alloy-steel-othe,Iron and steel,7226 91,"Flat-rolled products of alloy steel other than stainless, of a width of < 600 mm, not further worked than hot-rolled (excl. products of high-speed steel or silicon-electrical steel)"
72269200-flat-rolled-products-of-alloy-steel-othe,Iron and steel,7226 92 00,"Flat-rolled products of alloy steel other than stainless, of a width of < 600 mm, not further worked than cold-rolled ""cold-reduced"" (excl. products of high-speed steel or silicon-electrical steel)"
722699-flat-rolled-products-of-alloy-steel-othe,Iron and steel,7226 99,"Flat-rolled products of alloy steel other than stainless, of a width of < 600 mm, hot-rolled or cold-rolled ""cold-reduced"" and further worked (excl. products of high-speed steel or silicon-electrical steel)"
7227-bars-and-rods-of-alloy-steel-other-than,Iron and steel,7227,"Bars and rods of alloy steel other than stainless, hot-rolled, in irregularly wound coils"
7228-other-bars-and-rods-of-alloy-steel-other,Iron and steel,7228,"Other bars and rods of alloy steel other than stainless, angles, shapes and sections of alloy steel other than stainless, n.e.s.; hollow drill bars and rods, of alloy or non-alloy steel"
72281020-bars-and-rods-of-high-speed-steel-not-fu,Iron and steel,7228 10 20,"Bars and rods of high-speed steel, not further worked than hot-rolled, hot-drawn or extruded, and hot-rolled, hot-drawn or extruded, not further worked than clad (excl. semi-finished products, flat-rolled products and hot-rolled bars and rods in irregularly wound coils)"
72281050-bars-and-rods-of-high-speed-steel-forged,Iron and steel,7228 10 50,"Bars and rods of high-speed steel, forged (excl. semi-finished products, flat-rolled products and hot-rolled bars and rods in irregularly wound coils)"
72281090-bars-and-rods-of-high-speed-steel-not-fu,Iron and steel,7228 10 90,"Bars and rods of high-speed steel, not further worked than cold-formed or cold-finished, whether or not further worked, or hot-formed and further worked (excl. forged products, semi-finished products, flat-rolled products and hot-rolled bars and rods in irregularly wound coils)"
722820-bars-and-rods-of-silico-manganese-steel,Iron and steel,7228 20,"Bars and rods of silico-manganese steel (excl. semi-finished products, flat-rolled products and hot-rolled bars and rods in irregularly wound coils)"
722830-bars-and-rods-of-alloy-steel-other-than,Iron and steel,7228 30,"Bars and rods of alloy steel other than stainless, not further worked than hot-rolled, hot-drawn or extruded (excl. products of high-speed steel or silico-manganese steel, semi-finished products, flat-rolled products and hot-rolled bars and rods in irregularly wound coils)"
722840-bars-and-rods-of-alloy-steel-other-than,Iron and steel,7228 40,"Bars and rods of alloy steel other than stainless, not further worked than forged (excl. products of high-speed steel or silico-manganese steel, semi-finished products, flat-rolled products and hot-rolled bars and rods in irregularly wound coils)"
722850-bars-and-rods-of-alloy-steel-other-than,Iron and steel,7228 50,"Bars and rods of alloy steel other than stainless, not further worked than cold-formed or cold-finished (excl. products of high-speed steel or silico-manganese steel, semi-finished products, flat-rolled products and hot-rolled bars and rods in irregularly wound coils)"
722860-bars-and-rods-of-alloy-steel-other-than,Iron and steel,7228 60,"Bars and rods of alloy steel other than stainless, cold-formed or cold-finished and further worked or hot-formed and further worked, n.e.s. (excl. products of high-speed steel or silico-manganese steel, semi-finished products, flat-rolled products and hot-rolled bars and rods in irregularly wound coils)"
722870-angles-shapes-and-sections-of-alloy-stee,Iron and steel,7228 70,"Angles, shapes and sections of alloy steel other than stainless, n.e.s."
72288000-hollow-drill-bars-and-rods-of-alloy-or-n,Iron and steel,7228 80 00,"Hollow drill bars and rods, of alloy or non-alloy steel"
7229-wire-of-alloy-steel-other-than-stainless,Iron and steel,7229,"Wire of alloy steel other than stainless, in coils (excl. bars and rods)"
7301-sheet-piling-of-iron-or-steel-whether-or,Iron and steel,7301,"Sheet piling of iron or steel, whether or not drilled, punched or made from assembled elements; welded angles, shapes and sections, of iron or steel"
7302-railway-or-tramway-track-construction-ma,Iron and steel,7302,"Railway or tramway track construction material of iron or steel, the following : rails, check-rails and rack rails, switch blades, crossing frogs, point rods and other crossing pieces, sleepers ""cross-ties"", fish-plates, chairs, chair wedges, sole plates ""base plates"", rail clips, bedplates, ties and other material specialised for jointing or fixing rails"
7303-tubes-pipes-and-hollow-profiles-of-cast,Iron and steel,7303,"Tubes, pipes and hollow profiles, of cast iron"
730300-tubes-pipes-and-hollow-profiles-of-cast,Iron and steel,7303 00,"Tubes, pipes and hollow profiles, of cast iron"
7304-tubes-pipes-and-hollow-profiles-seamless,Iron and steel,7304,"Tubes, pipes and hollow profiles, seamless, of iron or steel (excl. products of cast iron)"
73041100-line-pipe-of-a-kind-used-for-oil-or-gas,Iron and steel,7304 11 00,"Line pipe of a kind used for oil or gas pipelines, seamless, of stainless steel"
730419-line-pipe-of-a-kind-used-for-oil-or-gas,Iron and steel,7304 19,"Line pipe of a kind used for oil or gas pipelines, seamless, of iron or steel (excl. products of stainless steel or of cast iron)"
73042200-drill-pipe-seamless-of-stainless-steel-o,Iron and steel,7304 22 00,"Drill pipe, seamless, of stainless steel, of a kind used in drilling for oil or gas"
73042300-drill-pipe-seamless-of-a-kind-used-in-dr,Iron and steel,7304 23 00,"Drill pipe, seamless, of a kind used in drilling for oil or gas, of iron or steel (excl. products of stainless steel or of cast iron)"
73042400-casing-and-tubing-seamless-of-a-kind-use,Iron and steel,7304 24 00,"Casing and tubing, seamless, of a kind used for drilling for oil or gas, of stainless steel"
730429-casing-and-tubing-seamless-of-iron-or-st,Iron and steel,7304 29,"Casing and tubing, seamless, of iron or steel, of a kind used in drilling for oil or gas (excl. products of cast iron)"
730431-tubes-pipes-and-hollow-profiles-seamless,Iron and steel,7304 31,"Tubes, pipes and hollow profiles, seamless, of circular cross-section, of iron or non-alloy steel, cold-drawn or cold-rolled ""cold-reduced"" (excl. cast iron products and line pipe of a kind used for oil or gas pipelines or casing and tubing of a kind used for drilling for oil or gas)"
730439-tubes-pipes-and-hollow-profiles-seamless,Iron and steel,7304 39,"Tubes, pipes and hollow profiles, seamless, of circular cross-section, of iron or non-alloy steel, not cold-drawn or cold-rolled ""cold-reduced"" (excl. cast iron products, line pipe of a kind used for oil or gas pipelines, casing and tubing of a kind used for drilling for oil or gas)"
73044100-tubes-pipes-and-hollow-profiles-seamless,Iron and steel,7304 41 00,"Tubes, pipes and hollow profiles, seamless, of circular cross-section, of stainless steel, cold-drawn or cold-rolled ""cold-reduced"" (excl. line pipe of a kind used for oil or gas pipelines, casing and tubing of a kind used for drilling for oil or gas)"
730449-tubes-pipes-and-hollow-profiles-seamless,Iron and steel,7304 49,"Tubes, pipes and hollow profiles, seamless, of circular cross-section, of stainless steel, not cold-drawn or cold-rolled ""cold-reduced"" (excl. line pipe of a kind used for oil or gas pipelines or of a kind used for drilling for oil or gas)"
730451-tubes-pipes-and-hollow-profiles-seamless,Iron and steel,7304 51,"Tubes, pipes and hollow profiles, seamless, of circular cross-section, of alloy steel other than stainless, cold-drawn or cold-rolled ""cold-reduced"" (excl. line pipe of a kind used for oil or gas pipelines, casing and tubing of a kind used for drilling for oil)"
730459-tubes-pipes-and-hollow-profiles-seamless,Iron and steel,7304 59,"Tubes, pipes and hollow profiles, seamless, of circular cross-section, of alloy steel other than stainless, not cold-drawn or cold-rolled ""cold-reduced"" (excl. line pipe of a kind used for oil or gas pipelines, casing and tubing of a kind used for drilling for oil)"
73049000-tubes-pipes-and-hollow-profiles-seamless,Iron and steel,7304 90 00,"Tubes, pipes and hollow profiles, seamless, of non-circular cross-section, of iron or steel (excl. products of cast iron)"
7305-tubes-and-pipes-having-circular-cross-se,Iron and steel,7305,"Tubes and pipes, having circular cross-sections and an external diameter of > 406,4 mm, of flat-rolled products of iron or steel ""e.g., welded, riveted or similarly closed"""
7306-tubes-pipes-and-hollow-profiles-e-g-open,Iron and steel,7306,"Tubes, pipes and hollow profiles ""e.g., open seam or welded, riveted or similarly closed"", of iron or steel (excl. of cast iron, seamless tubes and pipes and tubes having internal and external circular cross-sections and an external diameter of > 406,4 mm)"
73061100-line-pipe-of-a-kind-used-for-oil-or-gas,Iron and steel,7306 11 00,"Line pipe of a kind used for oil or gas pipelines, welded, of flat-rolled products of stainless steel, of an external diameter of <= 406,4 mm"
73061900-line-pipe-of-a-kind-used-for-oil-or-gas,Iron and steel,7306 19 00,"Line pipe of a kind used for oil or gas pipelines, welded, of flat-rolled products of iron or steel, of an external diameter of <= 406,4 mm (excl. products of stainless steel or of cast iron)"
73062100-casing-and-tubing-of-a-kind-used-in-dril,Iron and steel,7306 21 00,"Casing and tubing of a kind used in drilling for oil or gas, welded, of flat-rolled products of stainless steel, of an external diameter of <= 406,4 mm"
73062900-casing-and-tubing-of-a-kind-used-in-dril,Iron and steel,7306 29 00,"Casing and tubing of a kind used in drilling for oil or gas, welded, of flat-rolled products of iron or steel, of an external diameter of <= 406,4 mm (excl. products of stainless steel or of cast iron)"
73063012-precision-tubes-welded-of-circular-cross,Iron and steel,7306 30 12,"Precision tubes, welded, of circular cross-section, of iron or non-alloy steel, cold-drawn or cold-rolled ""cold-reduced"""
73063018-precision-tubes-welded-of-circular-cross,Iron and steel,7306 30 18,"Precision tubes, welded, of circular cross-section, of iron or non-alloy steel (excl. cold-drawn or cold-rolled)"
73063041-threaded-or-threadable-tubes-gas-pipe-we,Iron and steel,7306 30 41,"Threaded or threadable tubes ""gas pipe"", welded, of circular cross-section, of iron or non-alloy steel, plated or coated with zinc"
73063049-threaded-or-threadable-tubes-gas-pipe-we,Iron and steel,7306 30 49,"Threaded or threadable tubes ""gas pipe"", welded, of circular cross-section, of iron or non-alloy steel (excl. products plated or coated with zinc)"
73063072-other-tubes-pipes-and-hollow-profiles-we,Iron and steel,7306 30 72,"Other tubes, pipes and hollow profiles, welded, of circular cross-section, of iron or non-alloy steel, of an external diameter of <= 168,3 mm, plated or coated with zinc (excl. line pipe of a kind used for oil or gas pipelines or casing and tubingof a kind used in drilling for oil or gas)"
73063077-other-tubes-pipes-and-hollow-profiles-we,Iron and steel,7306 30 77,"Other tubes, pipes and hollow profiles, welded, of circular cross-section, of iron or non-alloy steel of an external diameter of <= 168,3 mm (excl. plated or coated with zinc and line pipe of a kind used for oil or gas pipelines, casing and tubing of a kind used in drilling for oil or gas, precision tubes and threaded or threadable tubes ""gas pipe"")"
73063080-tubes-pipes-and-hollow-profiles-welded-h,Iron and steel,7306 30 80,"Tubes, pipes and hollow profiles, welded, having a circular cross-section, of iron or steel, of an external diameter of > 168,3 mm but <= 406,4 mm (excl. line pipe of a kind used for oil or gas pipelines or casing and tubing of a kind used in drilling for oil or gas, or precision steel tubes, electrical conduit tubes or threaded or threadable tubes ""gas pipe"")"
73064020-tubes-pipes-and-hollow-profiles-welded-o,Iron and steel,7306 40 20,"Tubes, pipes and hollow profiles, welded, of circular cross-section, of stainless steel, cold-drawn or cold-rolled ""cold-reduced"" (excl. products having internal and external circular cross-sections and an external diameter of > 406,4 mm, and line pipe of a kind used for oil or gas pipelines or casing and tubing of a kind used in drilling for oil or gas)"
73064080-tubes-pipes-and-hollow-profiles-welded-o,Iron and steel,7306 40 80,"Tubes, pipes and hollow profiles, welded, of circular cross-section, of stainless steel (excl. products cold-drawn or cold-rolled ""cold-reduced"", tubes and pipes having internal and external circular cross-sections and an external diameter of > 406,4 mm, and line pipe of a kind used for oil or gas pipelines or casing and tubing of a kind used in drilling for oil or gas)"
73065021-precision-steel-tubes-welded-of-circular,Iron and steel,7306 50 21,"Precision steel tubes, welded, of circular cross-section, of alloy steel other than stainless, cold-drawn or cold-rolled ""cold-reduced"""
73065029-precision-steel-tubes-welded-of-circular,Iron and steel,7306 50 29,"Precision steel tubes, welded, of circular cross-section, of alloy steel other than stainless (excl. cold-drawn or cold-rolled)"
73065080-tubes-pipes-and-hollow-profiles-welded-o,Iron and steel,7306 50 80,"Tubes, pipes and hollow profiles, welded, of circular cross-section, of alloy steel other than stainless (excl. tubes and pipes having internal and external circular cross-sections and an external diameter of > 406,4 mm, and line pipe of a kind used for oil or gas pipelines or casing and tubing of a kind used in drilling for oil or gas, and precision steel tubes)"
73066110-tubes-and-pipes-and-hollow-profiles-weld,Iron and steel,7306 61 10,"Tubes and pipes and hollow profiles, welded, of square or rectangular cross-section, of stainless steel"
73066192-tubes-and-pipes-and-hollow-profiles-weld,Iron and steel,7306 61 92,"Tubes and pipes and hollow profiles, welded, of square or rectangular cross-section, of iron or steel other than stainless steel, with a wall thickness of <= 2 mm"
73066199-tubes-and-pipes-and-hollow-profiles-weld,Iron and steel,7306 61 99,"Tubes and pipes and hollow profiles, welded, of square or rectangular cross-section, of iron or steel other than stainless steel, with a wall thickness of > 2 mm"
73066910-tubes-pipes-and-hollow-profiles-welded-o,Iron and steel,7306 69 10,"Tubes, pipes and hollow profiles, welded, of non-circular cross-section, of stainless steel (excl. tubes and pipes having internal and external circular cross-sections and an external diameter of > 406,4 mm, line pipe of a kind used for oil or gas pipelines or casing and tubing of a kind used in drilling for oil or gas, and tubes and pipes and hollow profiles of square or rectangular cross-section)"
73066990-tubes-pipes-and-hollow-profiles-welded-o,Iron and steel,7306 69 90,"Tubes, pipes and hollow profiles, welded, of non-circular cross-section, of iron or steel other than stainless steel (excl. tubes and pipes having internal and external circular cross-sections and an external diameter of > 406,4 mm, line pipe of a kind used for oil or gas pipelines or casing and tubing of a kind used in drilling for oil or gas, and tubes and pipes and hollow profiles of square or rectangular cross-section)"
73069000-tubes-pipes-and-hollow-profiles-e-g-open,Iron and steel,7306 90 00,"Tubes, pipes and hollow profiles ""e.g., open seam, riveted or similarly closed"", of iron or steel (excl. of cast iron, seamless or welded tubes and pipes and tubes and pipes having internal and external circular cross-sections and an external diameter of > 406,4 mm)"
7307-tube-or-pipe-fittings-e-g-couplings-elbo,Iron and steel,7307,"Tube or pipe fittings ""e.g. couplings, elbows, sleeves"", of iron or steel"
730711-tube-or-pipe-fittings-of-non-malleable-c,Iron and steel,7307 11,Tube or pipe fittings of non-malleable cast iron
73071910-tube-or-pipe-fittings-of-cast-iron-excl,Iron and steel,7307 19 10,Tube or pipe fittings of cast iron (excl. of non-malleable)
73071990-cast-tube-or-pipe-fittings-of-steel,Iron and steel,7307 19 90,Cast tube or pipe fittings of steel
73072100-flanges-of-stainless-steel-excl-cast-pro,Iron and steel,7307 21 00,Flanges of stainless steel (excl. cast products)
730722-threaded-elbows-bends-and-sleeves-of-sta,Iron and steel,7307 22,"Threaded elbows, bends and sleeves of stainless steel (excl. cast products)"
730723-butt-welding-tube-or-pipe-fittings-of-st,Iron and steel,7307 23,Butt welding tube or pipe fittings of stainless steel (excl. cast products)
730729-tube-or-pipe-fittings-of-stainless-steel,Iron and steel,7307 29,"Tube or pipe fittings of stainless steel (excl. cast products, flanges, threaded elbows, bends and sleeves and butt weldings fittings)"
73079100-flanges-of-iron-or-steel-excl-cast-or-st,Iron and steel,7307 91 00,Flanges of iron or steel (excl. cast or stainless products)
730792-threaded-elbows-bends-and-sleeves-of-sta,Iron and steel,7307 92,"Threaded elbows, bends and sleeves, of stainless steel (excl. cast or stainless products)"
730793-butt-welding-fittings-of-iron-or-steel-e,Iron and steel,7307 93,"Butt welding fittings of iron or steel (excl. cast iron or stainless steel products, and flanges)"
730799-tube-or-pipe-fittings-of-iron-or-steel-e,Iron and steel,7307 99,"Tube or pipe fittings, of iron or steel (excl. cast iron or stainless steel products; flanges; threaded elbows, bends and sleeves; butt welding fittings)"
7308-structures-and-parts-of-structures-e-g-b,Iron and steel,7308,"Structures and parts of structures ""e.g., bridges and bridge-sections, lock-gates, towers, lattice masts, roofs, roofing frameworks, doors and windows and their frames and thresholds for doors, shutters, balustrades, pillars and columns"", of iron or steel; plates, rods, angles, shapes, sections, tubes and the like, prepared for use in structures, of iron or steel (excl. prefabricated buildings of heading 9406)"
7309-reservoirs-tanks-vats-and-similar-contai,Iron and steel,7309,"Reservoirs, tanks, vats and similar containers, of iron or steel, for any material ""other than compressed or liquefied gas"", of a capacity of > 300 l, not fitted with mechanical or thermal equipment, whether or not lined or heat-insulated (excl. containers specifically constructed or equipped for one or more types of transport)"
7310-tanks-casks-drums-cans-boxes-and-similar,Iron and steel,7310,"Tanks, casks, drums, cans, boxes and similar containers, of iron or steel, for any material ""other than compressed or liquefied gas"", of a capacity of <= 300 l, not fitted with mechanical or thermal equipment, whether or not lined or heat-insulated, n.e.s."
7311-containers-of-iron-or-steel-for-compress,Iron and steel,7311,"Containers of iron or steel, for compressed or liquefied gas (excl. containers specifically constructed or equipped for one or more types of transport)"
731100-containers-of-iron-or-steel-for-compress,Iron and steel,7311 00,"Containers of iron or steel, for compressed or liquefied gas (excl. containers specifically constructed or equipped for one or more types of transport)"
7318-screws-bolts-nuts-coach-screws-screw-hoo,Iron and steel,7318,"Screws, bolts, nuts, coach screws, screw hooks, rivets, cotters, cotter pins, washers, incl. spring washers, and similar articles, of iron or steel (excl. lag screws, stoppers, plugs and the like, threaded)"
73181100-coach-screws-of-iron-or-steel,Iron and steel,7318 11 00,Coach screws of iron or steel
73181210-wood-screws-of-stainless-steel-excl-coac,Iron and steel,7318 12 10,Wood screws of stainless steel (excl. coach screws)
73181290-wood-screws-of-iron-or-steel-other-than,Iron and steel,7318 12 90,Wood screws of iron or steel other than stainless (excl. coach screws)
73181300-screw-hooks-and-screw-rings-of-iron-or-s,Iron and steel,7318 13 00,"Screw hooks and screw rings, of iron or steel"
73181410-self-tapping-screws-of-stainless-steel-e,Iron and steel,7318 14 10,"Self-tapping screws, of stainless steel (excl. wood screws)"
73181491-spaced-thread-screws-of-iron-or-steel-ot,Iron and steel,7318 14 91,Spaced-thread screws of iron or steel other than stainless
73181499-self-tapping-screws-of-iron-or-steel-oth,Iron and steel,7318 14 99,Self-tapping screws of iron or steel other than stainless (excl. spaced-thread screws and wood screws)
731815-threaded-screws-and-bolts-of-iron-or-ste,Iron and steel,7318 15,"Threaded screws and bolts, of iron or steel, whether or not with their nuts and washers (excl. coach screws and other wood screws, screw hooks and screw rings, self-tapping screws, lag screws, stoppers, plugs and the like, threaded)"
731816-nuts-of-iron-or-steel,Iron and steel,7318 16,Nuts of iron or steel
73181900-threaded-articles-of-iron-or-steel-n-e-s,Iron and steel,7318 19 00,"Threaded articles, of iron or steel, n.e.s."
73182100-spring-washers-and-other-lock-washers-of,Iron and steel,7318 21 00,"Spring washers and other lock washers, of iron or steel"
73182200-washers-of-iron-or-steel-excl-spring-was,Iron and steel,7318 22 00,Washers of iron or steel (excl. spring washers and other lock washers)
73182300-rivets-of-iron-or-steel-excl-tubular-and,Iron and steel,7318 23 00,Rivets of iron or steel (excl. tubular and bifurcated rivets for particular uses)
73182400-cotters-and-cotter-pins-of-iron-or-steel,Iron and steel,7318 24 00,"Cotters and cotter pins, of iron or steel"
73182900-non-threaded-articles-of-iron-or-steel,Iron and steel,7318 29 00,"Non-threaded articles, of iron or steel"
7326-articles-of-iron-or-steel-n-e-s-excl-cas,Iron and steel,7326,"Articles of iron or steel, n.e.s. (excl. cast articles)"
73261100-grinding-balls-and-similar-articles-for,Iron and steel,7326 11 00,"Grinding balls and similar articles for mills, of iron or steel, forged or stamped, but not further worked"
732619-articles-of-iron-or-steel-forged-or-stam,Iron and steel,7326 19,"Articles of iron or steel, forged or stamped, but not further worked, n.e.s. (excl. grinding balls and similar articles for mills)"
73262000-articles-of-iron-or-steel-wire-n-e-s,Iron and steel,7326 20 00,"Articles of iron or steel wire, n.e.s."
73269030-ladders-and-steps-of-iron-or-steel,Iron and steel,7326 90 30,"Ladders and steps, of iron or steel"
73269040-pallets-and-similar-platforms-for-handli,Iron and steel,7326 90 40,"Pallets and similar platforms for handling goods, of iron or steel"
73269050-reels-for-cables-piping-and-the-like-of,Iron and steel,7326 90 50,"Reels for cables, piping and the like, of iron or steel"
73269060-ventilators-non-mechanical-guttering-hoo,Iron and steel,7326 90 60,"Ventilators, non-mechanical, guttering, hooks and like articles used in the building industry, n.e.s., of iron or steel"
73269092-articles-of-iron-or-steel-open-die-forge,Iron and steel,7326 90 92,"Articles of iron or steel, open-die forged, n.e.s."
73269094-articles-of-iron-or-steel-closed-die-for,Iron and steel,7326 90 94,"Articles of iron or steel, closed-die forged, n.e.s."
73269096-sintered-articles-of-iron-or-steel-n-e-s,Iron and steel,7326 90 96,"Sintered articles of iron or steel, n.e.s."
73269098-articles-of-iron-or-steel-n-e-s,Iron and steel,7326 90 98,"Articles of iron or steel, n.e.s."
